Store,Item,Category,Description,Part Number / Spec,Qty,Unit Price (CAD $),Subtotal (CAD $),13% Tax (CAD $),Total (CAD $),Total (USD $),Product URL
DigiKey,1,Flight Controller PCB (DigiKey),IC MCU 32BIT 512KB FLSH 48UFQFPN,STM32F411CEU6,1.0,12.85,12.85,1.67,14.52,10.55,https://www.digikey.ca/en/products/detail/stmicroelectronics/STM32F411CEU6/4935043
DigiKey,2,Flight Controller PCB (DigiKey),IMU ACCEL/GYRO I2C/SPI 14LGA,BMI270,1.0,6.71,6.71,0.87,7.58,5.51,https://www.digikey.ca/en/products/detail/bosch-sensortec/BMI270/13539829
DigiKey,3,Flight Controller PCB (DigiKey),IC REG LINEAR 3.3V 300MA SOT23-5,AP2127K-3.3TRG1,1.0,0.38,0.38,0.05,0.43,0.31,https://www.digikey.ca/en/products/detail/diodes-incorporated/AP2127K-3.3TRG1/4470764
DigiKey,4,Flight Controller PCB (DigiKey),IC REG BUCK ADJ 3A SOT23,TPS54302DDCR,1.0,2.24,2.24,0.29,2.53,1.84,https://www.digikey.ca/en/products/detail/texas-instruments/TPS54302DDCR/6005786
DigiKey,5,Flight Controller PCB (DigiKey),CONN HEADER SMD R/A 8POS 1MM,SM08B-SRSS-TB,1.0,1.26,1.26,0.16,1.42,1.03,https://www.digikey.ca/en/products/detail/jst-sales-america-inc/SM08B-SRSS-TB/926611
DigiKey,6,Flight Controller PCB (DigiKey),DIODE SCHOTTKY 30V 1A SMA,B130L-13-F,1.0,0.92,0.92,0.12,1.04,0.76,https://www.digikey.ca/en/products/detail/diodes-incorporated/B130L-13-F/815253
DigiKey,7,Flight Controller PCB (DigiKey),LED GREEN CLEAR CHIP SMD 0603,APT1608SGC,2.0,0.3,0.6,0.08,0.68,0.49,https://www.digikey.ca/en/products/detail/kingbright/APT1608SGC/1922572
DigiKey,8,Flight Controller PCB (DigiKey),CAP CER 0.1UF 16V X7R 0402,CL05B104KO5NNNC,50.0,0.02,0.85,0.11,0.96,0.7,https://www.digikey.ca/en/products/detail/samsung-electro-mechanics/CL05B104KO5NNNC/3886662
DigiKey,9,Flight Controller PCB (DigiKey),CAP CER 1UF 16V X5R 0402,CL05A105KO5NNNC,3.0,0.16,0.48,0.06,0.54,0.39,https://www.digikey.ca/en/products/detail/samsung-electro-mechanics/CL05A105KO5NNNC/3886728
DigiKey,10,Flight Controller PCB (DigiKey),CAP CER 2.2UF 10V X5R 0402,CL05A225KP5NNNC,2.0,0.22,0.44,0.06,0.5,0.36,https://www.digikey.ca/en/products/detail/samsung-electro-mechanics/CL05A225KP5NNNC/3887123
DigiKey,11,Flight Controller PCB (DigiKey),RES 1K OHM 1% 1/16W 0402,RC0402FR-071KL,10.0,0.03,0.33,0.04,0.37,0.27,https://www.digikey.ca/en/products/detail/yageo/RC0402FR-071KL/1005934
DigiKey,12,Flight Controller PCB (DigiKey),RES 5.1K OHM 1% 1/16W 0402,RC0402FR-075K1L,10.0,0.03,0.33,0.04,0.37,0.27,https://www.digikey.ca/en/products/detail/yageo/RC0402FR-075K1L/1005972
DigiKey,13,Flight Controller PCB (DigiKey),RES 73.2K OHM 1% 1/16W 0402,RC0402FR-0773K2L,1.0,0.16,0.16,0.02,0.18,0.13,https://www.digikey.ca/en/products/detail/yageo/RC0402FR-0773K2L/5016075
DigiKey,14,Flight Controller PCB (DigiKey),CONN RCP USB2.0 TYP C 16P SMD RA,USB4105-GF-A,1.0,1.19,1.19,0.15,1.34,0.97,https://www.digikey.ca/en/products/detail/gct/USB4105-GF-A/10448937
DigiKey,15,Flight Controller PCB (DigiKey),CAP CER 4.7UF 16V X7R 0805,CL21B475KOFNNNE,3.0,0.4,1.2,0.16,1.36,0.99,https://www.digikey.ca/en/products/detail/samsung-electro-mechanics/CL21B475KOFNNNE/3886873
DigiKey,16,Flight Controller PCB (DigiKey),FIXED IND 10UH 1.25A 513 MOHM,74438335100,1.0,1.9,1.9,0.25,2.15,1.56,https://www.digikey.ca/en/products/detail/w%C3%BCrth-elektronik/74438335100/5803975
DigiKey,17,Flight Controller PCB (DigiKey),CAP CER 10UF 25V X5R 1210,CL32A106KAULNNE,1.0,0.46,0.46,0.06,0.52,0.38,https://www.digikey.ca/en/products/detail/samsung-electro-mechanics/CL32A106KAULNNE/3888321
DigiKey,18,Flight Controller PCB (DigiKey),CAP CER 22UF 6.3V X5R 0402,CL05A226MQ5QUNC,2.0,0.86,1.72,0.22,1.94,1.41,https://www.digikey.ca/en/products/detail/samsung-electro-mechanics/CL05A226MQ5QUNC/5961284
DigiKey,19,Flight Controller PCB (DigiKey),CONN HEADER SMD R/A 6POS 1MM,SM06B-SHLS-TF,1.0,1.03,1.03,0.13,1.16,0.84,https://www.digikey.ca/en/products/detail/jst-sales-america-inc/SM06B-SHLS-TF/3313628
DigiKey,20,Flight Controller PCB (DigiKey),CAP CER 22UF 25V X5R 0805,CC0805MKX5R8BB226,2.0,0.89,1.78,0.23,2.01,1.46,https://www.digikey.ca/en/products/detail/yageo/CC0805MKX5R8BB226/5034175
DigiKey,21,Flight Controller PCB (DigiKey),CAP CER 10UF 10V X5R 0402,CC0402MRX5R6BB106,2.0,0.42,0.84,0.11,0.95,0.69,https://www.digikey.ca/en/products/detail/yageo/CC0402MRX5R6BB106/11496660
DigiKey,22,Flight Controller PCB (DigiKey),CAP CER 4.7UF 10V X5R 0402,GRM155R61A475MEAAD,2.0,0.18,0.36,0.05,0.41,0.3,https://www.digikey.ca/en/products/detail/murata-electronics/GRM155R61A475MEAAD/4905187
DigiKey,23,Flight Controller PCB (DigiKey),RES 10K OHM 1% 1/16W 0402,RC0402FR-0710KL,10.0,0.03,0.33,0.04,0.37,0.27,https://www.digikey.ca/en/products/detail/yageo/RC0402FR-0710KL/1005929
DigiKey,24,Shipping,DigiKey FedEx Shipping Fee,FedEx International Priority,1.0,15.0,15.0,1.95,16.95,12.32,https://www.digikey.ca/
DigiKey,25,Flight Controller PCB (DigiKey),CAP CER 100UF,100uF capacitor,2.0,,,,,,
SpeedyBee,26,ESC / Drone Hardware,SpeedyBee BLS 35A Mini V2 20x20 4-in-1 ESC,BLS 35A Mini V2,1.0,77.97,77.97,10.14,88.11,64.02,https://www.speedybee.com/speedybee-f405-mini-bls-35a-20x20-stack/
BetaFPV,27,BetaFPV,LAVA Series 1104 Brushless Motors,LAVA 1104,4.0,17.97,71.88,9.34,81.22,59.01,https://betafpv.com/products/lava-series-1104-brushless-motors?variant=41273238749318
BetaFPV,28,BetaFPV,Gemfan D2.2 3-Blade Propellers (1.5mm Shaft),Gemfan D2.2,1.0,6.9,6.9,0.9,7.8,5.67,https://betafpv.com/collections/2-3-inch-propellers/products/gemfan-d2-2-3-blade-propellers-1-5mm-shaft?variant=44124614590598
BetaFPV,29,BetaFPV,LAVA II 3S Battery,LAVA II 3S,1.0,37.35,37.35,4.86,42.21,30.67,https://betafpv.com/products/lava-ii-3s-battery?variant=43026471190662
BetaFPV,30,BetaFPV,ELRS Nano Receiver,ELRS Nano Receiver,1.0,13.84,13.84,1.8,15.64,12.17,https://betafpv.com/products/elrs-nano-receiver?variant=40838513852550
BetaFPV,31,Shipping,BetaFPV Shipping Fee,International Shipping,1.0,12.8,12.8,1.66,14.46,10.0,https://betafpv.com/
Rotor Village,32,Shipping,Rotor Village Shipping Fee,Ground Shipping,1.0,33.0,33.0,4.29,37.29,27.09,https://rotorvillage.ca/
Rotor Village,33,Rotor Village,GEPRC M10Q GPS,GEPRC M10Q GPS,1.0,33.99,33.99,4.42,38.41,27.91,https://rotorvillage.ca/geprc-m10q-gps/
Rotor Village,34,Rotor Village,Rotor Village 165mm Grippy Lipo Strap (2pcs),165mm Grippy Lipo Strap (2pcs),1.0,5.19,5.19,0.67,5.86,4.56,https://rotorvillage.ca/rotor-village-165mm-grippy-lipo-strap-2pcs/
ToolkitRC,35,ToolkitRC,ToolkitRC M4 Pocket Charger,M4 Pocket,1.0,36.54,36.54,4.75,41.29,30.0,https://www.toolkitrc.com/product/m4-pocket/
,36,PCB Fabrication,JLCPCB Custom FC PCB Manufacturing,5-10 PCBs (4-Layer),1.0,42.95,42.95,5.58,48.53,35.26,https://jlcpcb.com/
,,TOTAL,Grand Total,,,,425.77,55.34,481.11,350.16,
